region,city,district,total_customers,customer_percentile_in_city,customer_rank_in_city,unit_type,unit_id,gross_revenue,refund_amount,net_revenue,invoice_count,served_customers,revenue_per_customer,revenue_per_invoice,customer_activation_pct,net_revenue_score,served_customers_score,revenue_per_customer_score,revenue_per_invoice_score,customer_activation_pct_score,kpi_score,overall_rank,performance_group,recommendation
East,Ha Long,District #03,344,0.9473684210526315,2.0,Đại lý,Đại lý | East | Ha Long | District #03,40823971.02,1342908.42,39481062.6,1641,287,137564.67804878048,24059.14844606947,83.43023255813954,0.9897959183673469,0.9285714285714286,0.6836734693877551,0.8571428571428571,0.9795918367346939,88.77551020408163,1,Hiệu quả cao,Ưu tiên mở rộng
East,Phu Ly,District #01,355,0.9473684210526315,2.0,Đại lý,Đại lý | East | Phu Ly | District #01,37690335.62,1775274.67,35915060.95,1314,255,140843.37627450982,27332.61868340944,71.83098591549296,0.9285714285714286,0.7959183673469388,0.7244897959183674,1.0,0.7551020408163265,84.08163265306122,2,Hiệu quả cao,Ưu tiên mở rộng
East,Uong Bi,District #09,297,0.9473684210526315,2.0,Đại lý,Đại lý | East | Uong Bi | District #09,41409426.0,1453524.23,39955901.77,1735,235,170025.11391489362,23029.338195965418,79.12457912457911,1.0,0.6581632653061225,0.8571428571428571,0.5918367346938775,0.9489795918367347,81.12244897959184,3,Hiệu quả cao,Ưu tiên mở rộng
West,Long Xuyen,District #39,196,0.8571428571428571,2.0,Đại lý,Đại lý | West | Long Xuyen | District #39,36263337.21,1679590.24,34583746.97,1374,153,226037.56189542482,25170.12152110626,78.06122448979592,0.8775510204081632,0.16326530612244897,0.9693877551020408,0.9387755102040817,0.9183673469387755,77.3469387755102,4,Hiệu quả cao,Ưu tiên mở rộng
East,Bac Ninh,District #03,291,0.9473684210526315,2.0,Đại lý,Đại lý | East | Bac Ninh | District #03,30719142.73,1250872.52,29468270.21,1165,237,124338.69286919832,25294.65254077253,81.44329896907216,0.6530612244897959,0.673469387755102,0.5918367346938775,0.9489795918367347,0.9693877551020408,76.73469387755102,5,Hiệu quả cao,Ưu tiên mở rộng
Central,Kon Tum,District #24,385,0.9230769230769231,2.0,Đại lý,Đại lý | Central | Kon Tum | District #24,36163333.37,1502451.0,34660882.37,1487,279,124232.55329749103,23309.268574310692,72.46753246753246,0.8877551020408163,0.8877551020408163,0.5816326530612245,0.6938775510204082,0.7857142857142857,76.73469387755102,6,Hiệu quả cao,Ưu tiên mở rộng
East,Ninh Binh,District #03,276,0.8947368421052632,3.0,Đại lý,Đại lý | East | Ninh Binh | District #03,31481234.98,1255255.5,30225979.48,1305,240,125941.58116666667,23161.67009961686,86.95652173913044,0.7244897959183674,0.7142857142857143,0.6020408163265306,0.6326530612244898,1.0,73.46938775510205,7,Hiệu quả cao,Ưu tiên mở rộng
East,Viet Tri,District #19,337,1.0,1.0,Văn phòng,Văn phòng | East | Viet Tri | District #19,32871945.78,1114337.78,31757608.0,1381,262,121212.24427480916,22996.095582910933,77.74480712166172,0.7755102040816326,0.8520408163265306,0.5510204081632653,0.5714285714285714,0.9081632653061225,73.16326530612245,8,Hiệu quả cao,Ưu tiên mở rộng
East,Lao Cai,District #19,314,1.0,1.0,Văn phòng,Văn phòng | East | Lao Cai | District #19,32875979.74,922537.66,31953442.08,1371,228,140146.67578947367,23306.66818380744,72.61146496815286,0.7959183673469388,0.6224489795918368,0.7142857142857143,0.6836734693877551,0.7959183673469388,72.24489795918367,9,Hiệu quả cao,Ưu tiên mở rộng
East,Hanoi,District #11,277,0.8947368421052632,3.0,Đại lý,Đại lý | East | Hanoi | District #11,36284012.98,1112904.75,35171108.23,1528,198,177631.85974747472,23017.74098821989,71.48014440433214,0.8979591836734694,0.45918367346938777,0.8877551020408163,0.5816326530612245,0.7346938775510204,71.22448979591837,10,Hiệu quả cao,Ưu tiên mở rộng
East,Thai Nguyen,District #18,277,0.8947368421052632,3.0,Đại lý,Đại lý | East | Thai Nguyen | District #18,27990067.89,1499073.44,26490994.45,1091,218,121518.32316513761,24281.38813015582,78.70036101083032,0.5510204081632653,0.5918367346938775,0.5612244897959183,0.8979591836734694,0.9387755102040817,70.81632653061224,11,Hiệu quả cao,Ưu tiên mở rộng
Central,Quang Ngai,District #24,475,1.0,1.0,Văn phòng,Văn phòng | Central | Quang Ngai | District #24,39733959.76,1544325.65,38189634.11,1701,336,113659.62532738096,22451.284015285128,70.73684210526315,0.9591836734693877,1.0,0.45918367346938777,0.4387755102040816,0.6836734693877551,70.81632653061224,12,Hiệu quả cao,Ưu tiên mở rộng
Central,Hue,District #24,419,1.0,1.0,Văn phòng,Văn phòng | Central | Hue | District #24,33169603.95,930940.43,32238663.52,1354,294,109655.3180952381,23809.9435155096,70.16706443914082,0.8061224489795918,0.9489795918367347,0.32653061224489793,0.7959183673469388,0.6632653061224489,70.81632653061224,13,Hiệu quả cao,Ưu tiên mở rộng
East,Cam Pha,District #19,327,0.9736842105263158,2.0,Đại lý,Đại lý | East | Cam Pha | District #19,32539272.36,1171611.48,31367660.88,1379,253,123982.84932806324,22746.672139231327,77.37003058103976,0.7346938775510204,0.7857142857142857,0.5714285714285714,0.5306122448979592,0.8979591836734694,70.40816326530613,14,Hiệu quả cao,Ưu tiên mở rộng
East,Viet Tri,District #07,283,0.8947368421052632,3.0,Đại lý,Đại lý | East | Viet Tri | District #07,32773970.88,1315115.19,31458855.69,1276,195,161327.46507692308,24654.275619122258,68.90459363957598,0.7448979591836735,0.4387755102040816,0.826530612244898,0.9183673469387755,0.5816326530612245,70.20408163265306,15,Hiệu quả cao,Ưu tiên mở rộng
East,Hai Phong,District #19,340,0.9473684210526315,2.0,Đại lý,Đại lý | East | Hai Phong | District #19,34439703.11,1141622.93,33298080.18,1486,245,135910.53134693878,22407.86014804845,72.05882352941177,0.8571428571428571,0.7397959183673469,0.6530612244897959,0.41836734693877553,0.7653061224489796,68.6734693877551,16,Hiệu quả cao,Ưu tiên mở rộng
West,Rach Gia,District #36,192,0.8571428571428571,2.0,Đại lý,Đại lý | West | Rach Gia | District #36,40851024.17,1439197.66,39411826.51,1851,164,240316.01530487803,21292.180718530522,85.41666666666666,0.9795918367346939,0.23469387755102042,0.9897959183673469,0.1836734693877551,0.9897959183673469,67.55102040816327,17,Hiệu quả cao,Ưu tiên mở rộng
East,Hanoi,District #19,410,1.0,1.0,Văn phòng,Văn phòng | East | Hanoi | District #19,34182201.74,916510.1,33265691.64,1464,284,117132.71704225353,22722.466967213117,69.26829268292683,0.8469387755102041,0.8979591836734694,0.5,0.5204081632653061,0.6020408163265306,67.3469387755102,18,Hiệu quả cao,Ưu tiên mở rộng
East,Hai Phong,District #01,341,1.0,1.0,Văn phòng,Văn phòng | East | Hai Phong | District #01,28969975.03,1008877.29,27961097.74,1181,256,109223.038046875,23675.781320914477,75.0733137829912,0.6020408163265306,0.8163265306122449,0.30612244897959184,0.7653061224489796,0.8673469387755102,67.14285714285715,19,Hiệu quả cao,Ưu tiên mở rộng
Central,Dong Hoi,District #24,435,0.9230769230769231,2.0,Đại lý,Đại lý | Central | Dong Hoi | District #24,37370715.45,1748072.27,35622643.18,1605,302,117955.7721192053,22194.793258566977,69.42528735632185,0.9183673469387755,0.9693877551020408,0.5204081632653061,0.3163265306122449,0.6122448979591837,66.73469387755102,20,Hiệu quả cao,Ưu tiên mở rộng
East,Nam Dinh,District #19,352,1.0,1.0,Văn phòng,Văn phòng | East | Nam Dinh | District #19,34638512.41,1431608.26,33206904.15,1437,238,139524.80735294116,23108.49279749478,67.61363636363636,0.8367346938775511,0.6887755102040817,0.7040816326530612,0.6122448979591837,0.4897959183673469,66.6326530612245,21,Hiệu quả cao,Ưu tiên mở rộng
Central,Da Nang,District #25,488,1.0,1.0,Văn phòng,Văn phòng | Central | Da Nang | District #25,39037451.97,1518681.04,37518770.93,1656,313,119868.2777316294,22656.26263888889,64.13934426229508,0.9489795918367347,0.9897959183673469,0.5408163265306123,0.5,0.32653061224489793,66.12244897959184,22,Hiệu quả cao,Ưu tiên mở rộng
East,Son Tay,District #19,372,1.0,1.0,Văn phòng,Văn phòng | East | Son Tay | District #19,33963555.0,1531336.48,32432218.52,1496,286,113399.36545454545,21679.290454545455,76.88172043010752,0.8163265306122449,0.9132653061224489,0.4387755102040816,0.23469387755102042,0.8877551020408163,65.81632653061223,23,Hiệu quả cao,Ưu tiên mở rộng
Central,Hoi An,District #24,410,1.0,1.0,Văn phòng,Văn phòng | Central | Hoi An | District #24,35577503.5,1960619.06,33616884.44,1510,286,117541.55398601398,22262.837377483444,69.7560975609756,0.8673469387755102,0.9132653061224489,0.5102040816326531,0.3469387755102041,0.6377551020408163,65.51020408163266,24,Hiệu quả cao,Ưu tiên mở rộng
West,Bac Lieu,District #39,202,1.0,1.0,Văn phòng,Văn phòng | West | Bac Lieu | District #39,30880779.94,1335749.64,29545030.3,1272,151,195662.4523178808,23227.225078616353,74.75247524752476,0.6632653061224489,0.14795918367346939,0.9285714285714286,0.6530612244897959,0.8367346938775511,64.59183673469389,25,Hiệu quả cao,Ưu tiên mở rộng
East,Cam Pha,District #12,271,0.8947368421052632,3.0,Đại lý,Đại lý | East | Cam Pha | District #12,30716175.73,1108630.97,29607544.76,1261,187,158329.11636363636,23479.416938937353,69.00369003690037,0.673469387755102,0.3622448979591837,0.8061224489795918,0.7346938775510204,0.5918367346938775,63.367346938775505,26,Hoạt động ổn định,Duy trì và theo dõi
West,Bien Hoa,District #33,259,1.0,1.0,Văn phòng,Văn phòng | West | Bien Hoa | District #33,36607757.39,1097655.01,35510102.38,1585,178,199494.95719101126,22403.85008201893,68.72586872586872,0.9081632653061225,0.32142857142857145,0.9387755102040817,0.40816326530612246,0.5714285714285714,62.95918367346939,27,Hoạt động ổn định,Duy trì và theo dõi
East,Bac Giang,District #19,345,1.0,1.0,Văn phòng,Văn phòng | East | Bac Giang | District #19,31442500.55,1363395.17,30079105.38,1358,257,117039.32054474708,22149.562135493372,74.4927536231884,0.6938775510204082,0.8367346938775511,0.47959183673469385,0.30612244897959184,0.826530612244898,62.85714285714287,28,Hoạt động ổn định,Duy trì và theo dõi
West,Ca Mau,District #38,196,0.8571428571428571,2.0,Đại lý,Đại lý | West | Ca Mau | District #38,40881723.22,1901865.6300000001,38979857.59,1962,154,253115.9583766234,19867.409576962284,78.57142857142857,0.9693877551020408,0.17346938775510204,1.0,0.07142857142857142,0.9285714285714286,62.85714285714287,29,Hoạt động ổn định,Duy trì và theo dõi
West,Ho Chi Minh City,District #33,283,1.0,1.0,Văn phòng,Văn phòng | West | Ho Chi Minh City | District #33,38538008.96,1582224.2,36955784.76,1936,205,180272.1207804878,19088.73179752066,72.43816254416961,0.9387755102040817,0.5102040816326531,0.8979591836734694,0.02040816326530612,0.7755102040816326,62.857142857142854,30,Hoạt động ổn định,Duy trì và theo dõi
East,Phu Ly,District #19,417,1.0,1.0,Văn phòng,Văn phòng | East | Phu Ly | District #19,33084226.88,1295502.1,31788724.78,1427,290,109616.29234482758,22276.61161878066,69.54436450839329,0.7857142857142857,0.9387755102040817,0.3163265306122449,0.35714285714285715,0.6224489795918368,60.40816326530612,31,Hoạt động ổn định,Duy trì và theo dõi
East,Bac Ninh,District #19,424,1.0,1.0,Văn phòng,Văn phòng | East | Bac Ninh | District #19,32943802.23,1256213.04,31687589.19,1486,308,102881.78308441558,21324.08424629879,72.64150943396226,0.7653061224489796,0.9795918367346939,0.24489795918367346,0.19387755102040816,0.8061224489795918,59.79591836734694,32,Hoạt động ổn định,Duy trì và theo dõi
West,Buon Ma Thuot,District #34,214,1.0,1.0,Văn phòng,Văn phòng | West | Buon Ma Thuot | District #34,33890723.62,1166143.85,32724579.77,1572,160,204528.6235625,20817.162703562342,74.76635514018692,0.826530612244898,0.1989795918367347,0.9489795918367347,0.15306122448979592,0.8469387755102041,59.48979591836735,33,Hoạt động ổn định,Duy trì và theo dõi
West,My Tho,District #39,255,0.8571428571428571,2.0,Đại lý,Đại lý | West | My Tho | District #39,25978993.92,711682.77,25267311.15,1052,175,144384.63514285712,24018.356606463876,68.62745098039215,0.5102040816326531,0.29081632653061223,0.7346938775510204,0.826530612244898,0.5612244897959183,58.469387755102034,34,Hoạt động ổn định,Duy trì và theo dõi
East,Nam Dinh,District #03,259,0.868421052631579,3.0,Đại lý,Đại lý | East | Nam Dinh | District #03,23104338.34,842057.37,22262280.97,933,207,107547.25106280192,23860.965669882098,79.92277992277992,0.3163265306122449,0.5204081632653061,0.2755102040816326,0.8163265306122449,0.9591836734693877,57.75510204081632,35,Hoạt động ổn định,Duy trì và theo dõi
Central,Kon Tum,District #25,428,1.0,1.0,Văn phòng,Văn phòng | Central | Kon Tum | District #25,30320383.51,1170512.84,29149870.67,1246,272,107168.64216911765,23394.75976725522,63.55140186915887,0.6428571428571429,0.8775510204081632,0.2653061224489796,0.7244897959183674,0.2857142857142857,55.91836734693878,36,Hoạt động ổn định,Tăng khai thác khách hàng
Central,Tuy Hoa,District #21,411,0.9230769230769231,2.0,Đại lý,Đại lý | Central | Tuy Hoa | District #21,31070615.32,1293361.98,29777253.34,1288,256,116317.395859375,23118.98551242236,62.28710462287105,0.6836734693877551,0.8163265306122449,0.46938775510204084,0.6224489795918368,0.20408163265306123,55.91836734693878,37,Hoạt động ổn định,Tăng khai thác khách hàng
West,Vinh Long,District #39,202,0.8571428571428571,2.0,Đại lý,Đại lý | West | Vinh Long | District #39,31299712.68,1161050.7,30138661.98,1299,132,228323.1968181818,23201.433394919168,65.34653465346535,0.7142857142857143,0.030612244897959183,0.9795918367346939,0.6428571428571429,0.41836734693877553,55.714285714285715,38,Hoạt động ổn định,Tăng khai thác khách hàng
Central,Hue,District #25,414,0.9230769230769231,2.0,Đại lý,Đại lý | Central | Hue | District #25,29064264.78,1074798.41,27989466.37,1184,264,106020.7059469697,23639.75200168919,63.76811594202898,0.6122448979591837,0.8673469387755102,0.25510204081632654,0.7551020408163265,0.29591836734693877,55.714285714285715,39,Hoạt động ổn định,Tăng khai thác khách hàng
East,Viet Tri,District #11,285,0.9473684210526315,2.0,Đại lý,Đại lý | East | Viet Tri | District #11,26315523.29,938556.76,25376966.53,1155,215,118032.40246511629,21971.399593073595,75.43859649122807,0.5204081632653061,0.576530612244898,0.5306122448979592,0.25510204081632654,0.8775510204081632,55.20408163265307,40,Hoạt động ổn định,Duy trì và theo dõi
East,Son Tay,District #01,334,0.9473684210526315,2.0,Đại lý,Đại lý | East | Son Tay | District #01,23801633.52,898983.86,22902649.66,961,238,96229.62042016807,23832.101623309052,71.25748502994011,0.3673469387755102,0.6887755102040817,0.17346938775510204,0.8061224489795918,0.7142857142857143,55.00000000000001,41,Hoạt động ổn định,Duy trì và theo dõi
West,Soc Trang,District #39,209,0.8571428571428571,2.0,Đại lý,Đại lý | West | Soc Trang | District #39,22793967.03,869542.57,21924424.46,922,149,147143.78832214765,23779.202234273318,71.29186602870813,0.30612244897959184,0.12244897959183673,0.7551020408163265,0.7857142857142857,0.7244897959183674,53.87755102040816,42,Hoạt động ổn định,Duy trì và theo dõi
East,Cam Pha,District #01,327,0.9736842105263158,1.0,Văn phòng,Văn phòng | East | Cam Pha | District #01,22394571.32,1015217.75,21379353.57,918,245,87262.66763265306,23289.05617647059,74.92354740061162,0.2653061224489796,0.7397959183673469,0.1326530612244898,0.673469387755102,0.8571428571428571,53.367346938775505,43,Hoạt động ổn định,Duy trì và theo dõi
West,Tra Vinh,District #39,188,0.8571428571428571,2.0,Đại lý,Đại lý | West | Tra Vinh | District #39,26274534.58,1159637.57,25114897.01,1039,120,209290.80841666667,24172.18191530318,63.829787234042556,0.5,0.02040816326530612,0.9591836734693877,0.8775510204081632,0.30612244897959184,53.26530612244898,44,Hoạt động ổn định,Tăng khai thác khách hàng
Central,Phan Rang-Thap Cham,District #30,415,1.0,1.0,Văn phòng,Văn phòng | Central | Phan Rang-Thap Cham | District #30,27369566.55,834626.48,26534940.07,1060,235,112914.63859574468,25032.96233018868,56.62650602409639,0.5612244897959183,0.6581632653061225,0.42857142857142855,0.9285714285714286,0.061224489795918366,52.755102040816325,45,Hoạt động ổn định,Tăng khai thác khách hàng
East,Son Tay,District #07,270,0.8947368421052632,3.0,Đại lý,Đại lý | East | Son Tay | District #07,25705423.36,965575.36,24739848.0,1098,191,129528.0,22531.737704918032,70.74074074074073,0.45918367346938777,0.39285714285714285,0.6326530612244898,0.45918367346938777,0.6938775510204082,52.755102040816325,46,Hoạt động ổn định,Duy trì và theo dõi
West,Vung Tau,District #39,205,0.8571428571428571,2.0,Đại lý,Đại lý | West | Vung Tau | District #39,28072296.73,1205893.86,26866402.87,1210,143,187876.94314685315,22203.63873553719,69.7560975609756,0.5714285714285714,0.09183673469387756,0.9081632653061225,0.32653061224489793,0.6377551020408163,50.71428571428571,47,Hoạt động ổn định,Duy trì và theo dõi
East,Ha Long,District #19,375,1.0,1.0,Văn phòng,Văn phòng | East | Ha Long | District #19,27786555.78,867490.32,26919065.46,1191,244,110324.03877049181,22602.070075566753,65.06666666666666,0.5816326530612245,0.7244897959183674,0.37755102040816324,0.47959183673469385,0.3673469387755102,50.612244897959194,48,Hoạt động ổn định,Tăng khai thác khách hàng
Central,Phan Thiet,District #24,397,0.9230769230769231,2.0,Đại lý,Đại lý | Central | Phan Thiet | District #24,30077644.42,1297768.46,28779875.96,1310,262,109846.85480916032,21969.37096183206,65.99496221662469,0.6224489795918368,0.8520408163265306,0.3469387755102041,0.24489795918367346,0.45918367346938777,50.51020408163265,49,Hoạt động ổn định,Tăng khai thác khách hàng
West,Vung Tau,District #33,284,1.0,1.0,Văn phòng,Văn phòng | West | Vung Tau | District #33,30212804.96,1094925.68,29117879.28,1529,199,146321.0014070352,19043.740536298235,70.07042253521126,0.6326530612244898,0.4744897959183674,0.7448979591836735,0.01020408163265306,0.6530612244897959,50.30612244897959,50,Hoạt động ổn định,Duy trì và theo dõi
Central,Nha Trang,District #21,366,1.0,1.0,Văn phòng,Văn phòng | Central | Nha Trang | District #21,24679596.33,654673.47,24024922.86,1019,239,100522.68979079498,23576.960608439647,65.30054644808743,0.40816326530612246,0.7040816326530612,0.23469387755102042,0.7448979591836735,0.3979591836734694,49.79591836734694,51,Hoạt động ổn định,Tăng khai thác khách hàng
West,Vinh Long,District #33,332,1.0,1.0,Văn phòng,Văn phòng | West | Vinh Long | District #33,32771718.19,1248677.08,31523041.11,1558,210,150109.71957142858,20233.01740051348,63.25301204819277,0.7551020408163265,0.5357142857142857,0.7755102040816326,0.1326530612244898,0.2653061224489796,49.28571428571429,52,Hoạt động ổn định,Tăng khai thác khách hàng
West,Pleiku,District #33,282,1.0,1.0,Văn phòng,Văn phòng | West | Pleiku | District #33,31427503.99,1318004.95,30109499.04,1519,191,157641.35623036648,19821.92168531929,67.73049645390071,0.7040816326530612,0.39285714285714285,0.7959183673469388,0.05102040816326531,0.5102040816326531,49.08163265306122,53,Hoạt động ổn định,Duy trì và theo dõi
Central,Tam Ky,District #30,396,1.0,1.0,Văn phòng,Văn phòng | Central | Tam Ky | District #30,25197748.85,1041877.99,24155870.86,907,215,112352.88772093023,26632.713186328554,54.292929292929294,0.42857142857142855,0.576530612244898,0.41836734693877553,0.9795918367346939,0.04081632653061224,48.87755102040816,54,Hoạt động ổn định,Tăng khai thác khách hàng
West,Da Lat,District #39,211,0.8571428571428571,2.0,Đại lý,Đại lý | West | Da Lat | District #39,26536746.43,864817.95,25671928.48,1099,133,193022.01864661655,23359.352575068246,63.03317535545023,0.5306122448979592,0.04081632653061224,0.9183673469387755,0.7040816326530612,0.23469387755102042,48.57142857142858,55,Hoạt động ổn định,Tăng khai thác khách hàng
Central,Phan Thiet,District #32,438,1.0,1.0,Văn phòng,Văn phòng | Central | Phan Thiet | District #32,25867472.94,1009560.75,24857912.19,1021,225,110479.60973333335,24346.63289911851,51.369863013698634,0.46938775510204084,0.6122448979591837,0.3877551020408163,0.9081632653061225,0.02040816326530612,47.95918367346939,56,Hoạt động ổn định,Tăng khai thác khách hàng
West,Can Tho,District #39,210,0.8571428571428571,2.0,Đại lý,Đại lý | West | Can Tho | District #39,23353432.14,895649.46,22457782.68,946,136,165130.755,23739.72799154334,64.76190476190476,0.3469387755102041,0.05102040816326531,0.8469387755102041,0.7755102040816326,0.336734693877551,47.14285714285714,57,Hoạt động ổn định,Tăng khai thác khách hàng
Central,Hoi An,District #21,409,0.9230769230769231,2.0,Đại lý,Đại lý | Central | Hoi An | District #21,28685449.84,1253550.33,27431899.51,1217,252,108856.74408730159,22540.59121610518,61.61369193154034,0.5918367346938775,0.7755102040816326,0.29591836734693877,0.46938775510204084,0.17346938775510204,46.12244897959184,58,Hoạt động ổn định,Tăng khai thác khách hàng
West,Ben Tre,District #39,213,1.0,1.0,Văn phòng,Văn phòng | West | Ben Tre | District #39,24697839.62,1306619.51,23391220.11,1039,146,160213.836369863,22513.20511068335,68.54460093896714,0.37755102040816324,0.10714285714285714,0.8163265306122449,0.4489795918367347,0.5510204081632653,46.0204081632653,59,Hoạt động ổn định,Duy trì và theo dõi
East,Uong Bi,District #19,308,1.0,1.0,Văn phòng,Văn phòng | East | Uong Bi | District #19,22594182.54,907035.56,21687146.98,966,221,98131.88678733032,22450.46271221532,71.75324675324676,0.2857142857142857,0.6020408163265306,0.19387755102040816,0.42857142857142855,0.7448979591836735,45.102040816326536,60,Hoạt động ổn định,Duy trì và theo dõi
East,Ninh Binh,District #19,314,1.0,1.0,Văn phòng,Văn phòng | East | Ninh Binh | District #19,24729612.16,980315.44,23749296.72,1062,213,111499.04563380282,22362.802937853106,67.83439490445859,0.3877551020408163,0.5561224489795918,0.40816326530612246,0.3673469387755102,0.5204081632653061,44.79591836734693,61,Hoạt động ổn định,Duy trì và theo dõi
West,Ho Chi Minh City,District #39,251,0.8571428571428571,2.0,Đại lý,Đại lý | West | Ho Chi Minh City | District #39,25336716.23,814910.49,24521805.74,1049,150,163478.70493333333,23376.36390848427,59.76095617529881,0.4387755102040816,0.1326530612244898,0.8367346938775511,0.7142857142857143,0.11224489795918367,44.69387755102041,62,Hoạt động ổn định,Tăng khai thác khách hàng
West,Ben Tre,District #34,204,0.8571428571428571,2.0,Đại lý,Đại lý | West | Ben Tre | District #34,23782772.9,1052057.02,22730715.88,1125,151,150534.54225165563,20205.08078222222,74.01960784313727,0.35714285714285715,0.14795918367346939,0.7857142857142857,0.12244897959183673,0.8163265306122449,44.59183673469388,63,Hoạt động ổn định,Duy trì và theo dõi
West,Pleiku,District #34,194,0.8571428571428571,2.0,Đại lý,Đại lý | West | Pleiku | District #34,24988346.0,955788.25,24032557.75,1134,138,174148.96920289856,21192.731701940036,71.1340206185567,0.41836734693877553,0.061224489795918366,0.8673469387755102,0.17346938775510204,0.7040816326530612,44.48979591836735,64,Hoạt động ổn định,Duy trì và theo dõi
West,Long Xuyen,District #33,267,1.0,1.0,Văn phòng,Văn phòng | West | Long Xuyen | District #33,27145688.34,913625.71,26232062.63,1262,175,149897.50074285714,20786.10351030111,65.54307116104869,0.5408163265306123,0.29081632653061223,0.7653061224489796,0.14285714285714285,0.4387755102040816,43.57142857142858,65,Hoạt động ổn định,Tăng khai thác khách hàng
Central,Nha Trang,District #32,348,0.9230769230769231,2.0,Đại lý,Đại lý | Central | Nha Trang | District #32,22676846.39,992245.52,21684600.87,798,191,113531.9417277487,27173.68530075188,54.88505747126437,0.2755102040816326,0.39285714285714285,0.4489795918367347,0.9897959183673469,0.05102040816326531,43.16326530612245,66,Hoạt động ổn định,Tăng khai thác khách hàng
Central,Quy Nhon,District #32,387,0.9230769230769231,2.0,Đại lý,Đại lý | Central | Quy Nhon | District #32,23058082.37,762313.71,22295768.66,863,203,109831.37270935961,25835.18964078795,52.4547803617571,0.32653061224489793,0.4897959183673469,0.336734693877551,0.9693877551020408,0.030612244897959183,43.061224489795926,67,Hoạt động ổn định,Tăng khai thác khách hàng
Central,Da Nang,District #30,396,0.9230769230769231,2.0,Đại lý,Đại lý | Central | Da Nang | District #30,22558717.9,738772.87,21819945.03,857,232,94051.48719827586,25460.84600933489,58.58585858585859,0.29591836734693877,0.6428571428571429,0.16326530612244897,0.9591836734693877,0.08163265306122448,42.85714285714287,68,Hoạt động ổn định,Tăng khai thác khách hàng
West,Buon Ma Thuot,District #33,210,0.8571428571428571,2.0,Đại lý,Đại lý | West | Buon Ma Thuot | District #33,25808567.8,803303.76,25005264.04,1183,142,176093.40873239437,21137.1631783601,67.61904761904762,0.4897959183673469,0.08163265306122448,0.8775510204081632,0.16326530612244897,0.5,42.24489795918368,69,Hoạt động ổn định,Tăng khai thác khách hàng
Central,Dong Hoi,District #21,442,1.0,1.0,Văn phòng,Văn phòng | Central | Dong Hoi | District #21,21966650.75,852349.1900000001,21114301.56,877,256,82477.74046875,24075.600410490308,57.9185520361991,0.23469387755102042,0.8163265306122449,0.061224489795918366,0.8673469387755102,0.07142857142857142,41.0204081632653,70,Hoạt động ổn định,Tăng khai thác khách hàng
West,Soc Trang,District #33,272,1.0,1.0,Văn phòng,Văn phòng | West | Soc Trang | District #33,25401847.15,856903.9,24544943.25,1230,177,138671.99576271186,19955.238414634146,65.07352941176471,0.4489795918367347,0.30612244897959184,0.6938775510204082,0.10204081632653061,0.37755102040816324,38.57142857142857,71,Hoạt động ổn định,Tăng khai thác khách hàng
West,My Tho,District #33,263,1.0,1.0,Văn phòng,Văn phòng | West | My Tho | District #33,24409491.72,617288.88,23792202.84,1196,173,137527.18404624276,19893.14618729097,65.77946768060836,0.3979591836734694,0.27040816326530615,0.673469387755102,0.08163265306122448,0.4489795918367347,37.44897959183674,72,Hoạt động ổn định,Tăng khai thác khách hàng
East,Hai Phong,District #13,298,0.8947368421052632,3.0,Đại lý,Đại lý | East | Hai Phong | District #13,18615596.35,580908.24,18034688.11,791,204,88405.33387254902,22799.85854614412,68.45637583892618,0.14285714285714285,0.5,0.14285714285714285,0.5408163265306123,0.5306122448979592,37.142857142857146,73,Hoạt động ổn định,Duy trì và theo dõi
Central,Quang Ngai,District #25,400,0.9230769230769231,2.0,Đại lý,Đại lý | Central | Quang Ngai | District #25,21879676.78,736206.12,21143470.66,926,247,85601.09578947368,22833.121663066955,61.75000000000001,0.25510204081632654,0.7551020408163265,0.09183673469387756,0.5510204081632653,0.1836734693877551,36.73469387755102,74,Cần cải thiện,Tăng khai thác khách hàng
Central,Tam Ky,District #25,376,0.9230769230769231,2.0,Đại lý,Đại lý | Central | Tam Ky | District #25,25668387.2,753974.83,24914412.37,1130,231,107854.59900432901,22048.15253982301,61.43617021276596,0.47959183673469385,0.6326530612244898,0.2857142857142857,0.2755102040816326,0.14285714285714285,36.3265306122449,75,Cần cải thiện,Tăng khai thác khách hàng
Central,Tuy Hoa,District #25,470,1.0,1.0,Văn phòng,Văn phòng | Central | Tuy Hoa | District #25,21476657.82,746702.54,20729955.28,965,301,68870.28332225914,21481.818943005183,64.04255319148936,0.22448979591836735,0.9591836734693877,0.02040816326530612,0.20408163265306123,0.3163265306122449,34.48979591836735,76,Cần cải thiện,Tăng khai thác khách hàng
East,Uong Bi,District #01,260,0.8947368421052632,3.0,Đại lý,Đại lý | East | Uong Bi | District #01,18238929.46,778647.06,17460282.4,772,178,98091.47415730337,22616.946113989634,68.46153846153847,0.1326530612244898,0.32142857142857145,0.1836734693877551,0.4897959183673469,0.5408163265306123,33.36734693877551,77,Cần cải thiện,Khảo sát trước khi tái cơ cấu
East,Ninh Binh,District #01,307,0.9473684210526315,2.0,Đại lý,Đại lý | East | Ninh Binh | District #01,17132505.22,541119.73,16591385.49,714,199,83373.7964321608,23237.234579831933,64.82084690553745,0.10204081632653061,0.4744897959183674,0.07142857142857142,0.6632653061224489,0.3469387755102041,33.16326530612245,78,Cần cải thiện,Tăng khai thác khách hàng
East,Thai Nguyen,District #19,290,0.9473684210526315,2.0,Đại lý,Đại lý | East | Thai Nguyen | District #19,20056681.08,811039.28,19245641.8,870,196,98192.05,22121.42735632184,67.58620689655173,0.19387755102040816,0.4489795918367347,0.20408163265306123,0.29591836734693877,0.47959183673469385,32.44897959183673,79,Cần cải thiện,Tăng khai thác khách hàng
West,Can Tho,District #33,266,1.0,1.0,Văn phòng,Văn phòng | West | Can Tho | District #33,23188369.36,812699.64,22375669.72,1144,173,129339.13132947976,19559.151853146854,65.0375939849624,0.336734693877551,0.27040816326530615,0.6224489795918368,0.030612244897959183,0.35714285714285715,32.34693877551021,80,Cần cải thiện,Tăng khai thác khách hàng
East,Hanoi,District #01,310,0.9473684210526315,2.0,Đại lý,Đại lý | East | Hanoi | District #01,17037310.15,510819.81,16526490.34,688,191,86526.12743455498,24021.061540697676,61.61290322580645,0.09183673469387756,0.39285714285714285,0.11224489795918367,0.8367346938775511,0.16326530612244897,31.93877551020408,81,Cần cải thiện,Tăng khai thác khách hàng
East,Ha Long,District #01,307,0.8947368421052632,3.0,Đại lý,Đại lý | East | Ha Long | District #01,15864082.31,659086.82,15204995.49,632,193,78782.36005181348,24058.53716772152,62.866449511400646,0.04081632653061224,0.42857142857142855,0.030612244897959183,0.8469387755102041,0.22448979591836735,31.428571428571427,82,Cần cải thiện,Tăng khai thác khách hàng
East,Lao Cai,District #01,245,0.8947368421052632,3.0,Đại lý,Đại lý | East | Lao Cai | District #01,17060175.95,932935.74,16127240.21,721,172,93763.02447674419,22367.87823855756,70.20408163265306,0.07142857142857142,0.25510204081632654,0.15306122448979592,0.37755102040816324,0.673469387755102,30.612244897959183,83,Cần cải thiện,Khảo sát trước khi tái cơ cấu
East,Bac Giang,District #13,303,0.8947368421052632,3.0,Đại lý,Đại lý | East | Bac Giang | District #13,22011444.05,868677.29,21142766.76,978,192,110118.57687500001,21618.3709202454,63.366336633663366,0.24489795918367346,0.41836734693877553,0.35714285714285715,0.22448979591836735,0.2755102040816326,30.408163265306122,84,Cần cải thiện,Tăng khai thác khách hàng
East,Nam Dinh,District #01,327,0.9473684210526315,2.0,Đại lý,Đại lý | East | Nam Dinh | District #01,17566285.53,578617.37,16987668.16,759,213,79754.31061032864,22381.644479578394,65.13761467889908,0.11224489795918367,0.5561224489795918,0.05102040816326531,0.3877551020408163,0.3877551020408163,29.89795918367347,85,Cần cải thiện,Tăng khai thác khách hàng
West,Ca Mau,District #33,277,1.0,1.0,Văn phòng,Văn phòng | West | Ca Mau | District #33,20681189.79,594541.88,20086647.91,997,181,110975.9553038674,20147.089177532598,65.34296028880865,0.21428571428571427,0.34183673469387754,0.3979591836734694,0.11224489795918367,0.40816326530612246,29.489795918367346,86,Cần cải thiện,Tăng khai thác khách hàng
East,Lao Cai,District #13,249,0.9473684210526315,2.0,Đại lý,Đại lý | East | Lao Cai | District #13,17551074.39,366604.07,17184470.32,749,156,110156.86102564103,22943.218050734315,62.65060240963856,0.12244897959183673,0.1836734693877551,0.3673469387755102,0.5612244897959183,0.21428571428571427,28.97959183673469,87,Cần cải thiện,Tăng khai thác khách hàng
Central,Quy Nhon,District #21,412,1.0,1.0,Văn phòng,Văn phòng | Central | Quy Nhon | District #21,20704525.94,767510.07,19937015.87,902,251,79430.3421115538,22103.121807095344,60.922330097087375,0.20408163265306123,0.7653061224489796,0.04081632653061224,0.2857142857142857,0.1326530612244898,28.57142857142857,88,Cần cải thiện,Tăng khai thác khách hàng
Central,Phan Rang-Thap Cham,District #32,403,0.9230769230769231,2.0,Đại lý,Đại lý | Central | Phan Rang-Thap Cham | District #32,16802607.36,728188.79,16074418.57,663,187,85959.45759358289,24244.975218702868,46.40198511166253,0.061224489795918366,0.3622448979591837,0.10204081632653061,0.8877551020408163,0.01020408163265306,28.469387755102037,89,Cần cải thiện,Tăng khai thác khách hàng
East,Bac Giang,District #15,307,0.9473684210526315,2.0,Đại lý,Đại lý | East | Bac Giang | District #15,18842639.45,660918.52,18181720.93,789,181,100451.49685082873,23044.006248415717,58.95765472312704,0.15306122448979592,0.34183673469387754,0.22448979591836735,0.6020408163265306,0.09183673469387756,28.26530612244898,90,Cần cải thiện,Tăng khai thác khách hàng
West,Bien Hoa,District #39,182,0.8571428571428571,2.0,Đại lý,Đại lý | West | Bien Hoa | District #39,16775999.6,912387.09,15863612.51,721,119,133307.6681512605,22002.236490984742,65.38461538461539,0.05102040816326531,0.01020408163265306,0.6428571428571429,0.2653061224489796,0.42857142857142855,27.95918367346939,91,Cần cải thiện,Tăng khai thác khách hàng
West,Tra Vinh,District #33,242,1.0,1.0,Văn phòng,Văn phòng | West | Tra Vinh | District #33,19589958.46,858642.47,18731315.99,957,160,117070.7249375,19572.952967607103,66.11570247933885,0.17346938775510204,0.1989795918367347,0.4897959183673469,0.04081632653061224,0.46938775510204084,27.448979591836736,92,Cần cải thiện,Tăng khai thác khách hàng
West,Rach Gia,District #33,231,1.0,1.0,Văn phòng,Văn phòng | West | Rach Gia | District #33,19726857.16,1104791.46,18622065.7,938,146,127548.39520547945,19852.948507462686,63.20346320346321,0.16326530612244897,0.10714285714285714,0.6122448979591837,0.061224489795918366,0.25510204081632654,23.979591836734695,93,Cần cải thiện,Tăng khai thác khách hàng
West,Da Lat,District #33,226,1.0,1.0,Văn phòng,Văn phòng | West | Da Lat | District #33,19755496.09,676585.64,19078910.45,959,139,137258.34856115107,19894.5885818561,61.504424778761056,0.1836734693877551,0.07142857142857142,0.6632653061224489,0.09183673469387756,0.15306122448979592,23.26530612244898,94,Cần cải thiện,Tăng khai thác khách hàng
East,Thai Nguyen,District #01,333,1.0,1.0,Văn phòng,Văn phòng | East | Thai Nguyen | District #01,12948346.28,532031.36,12416314.92,559,210,59125.30914285714,22211.654597495526,63.06306306306306,0.01020408163265306,0.5357142857142857,0.01020408163265306,0.336734693877551,0.24489795918367346,22.75510204081633,95,Cần cải thiện,Tăng khai thác khách hàng
East,Nam Dinh,District #13,259,0.868421052631579,4.0,Đại lý,Đại lý | East | Nam Dinh | District #13,14490340.7,545100.88,13945239.82,615,161,86616.39639751553,22675.186699186994,62.16216216216216,0.030612244897959183,0.2193877551020408,0.12244897959183673,0.5102040816326531,0.19387755102040816,21.530612244897956,96,Cần cải thiện,Tăng khai thác khách hàng
East,Bac Ninh,District #07,281,0.8947368421052632,3.0,Đại lý,Đại lý | East | Bac Ninh | District #07,17093058.53,606772.63,16486285.9,736,166,99314.97530120482,22399.844972826086,59.07473309608541,0.08163265306122448,0.24489795918367346,0.21428571428571427,0.3979591836734694,0.10204081632653061,20.816326530612244,97,Cần cải thiện,Tăng khai thác khách hàng
East,Phu Ly,District #13,268,0.8947368421052632,3.0,Đại lý,Đại lý | East | Phu Ly | District #13,14053919.99,540745.81,13513174.18,626,161,83932.75888198758,21586.540223642172,60.07462686567165,0.02040816326530612,0.2193877551020408,0.08163265306122448,0.21428571428571427,0.12244897959183673,13.16326530612245,98,Cần cải thiện,Tăng khai thác khách hàng
